Date,AAPL,MSFT,GOOG,SPY
2016-01-04,101.78376337717,52.181597798987,741.84,190.54885864257812
2016-01-05,99.233130863492,52.419652533471,742.58,190.8711700439453
2016-01-06,97.291172017853,51.467433595533,743.62,188.4635009765625
2016-01-07,93.185040130307,49.67726199221,726.39,183.9419708251953
2016-01-08,93.677775956812,49.82961702228,714.47,181.92291259765625
2016-01-11,95.194629383506,49.801050454142,716.03,182.10299682617188
2016-01-12,96.57622199508,50.258115544352,726.07,183.572265625
2016-01-13,94.093219888964,49.172585955103,700.56,178.993896484375
2016-01-14,96.151116576134,50.572347793872,714.72,181.932373046875
2016-01-15,93.842021232314,48.553643645444,694.45,178.0269775390625
2016-01-19,93.387931352986,48.144189502131,701.79,178.2639617919922
2016-01-20,93.513530681311,48.363199857856,698.45,175.97950744628906
2016-01-21,93.040117828394,48.068011987096,706.59,176.96533203125
2016-01-22,97.986799067037,49.791528264763,725.25,180.59584045410156
2016-01-25,96.07382468178,49.315418795794,711.67,177.8658447265625
2016-01-26,96.605206455463,49.67726199221,713.04,180.29248046875
2016-01-27,90.257609631657,48.77265400117,699.99,178.33035278320312
2016-01-28,90.90492924687,49.567756814348,730.96,179.25926208496094
2016-01-29,94.044912454993,52.457741290988,742.95,183.62916564941406
2016-02-01,93.165717156719,52.095898094572,752.0,183.56277465820312
2016-02-02,91.281727231844,50.467603710699,764.65,180.2545928955078
2016-02-03,93.088425262365,49.667739802831,726.95,181.335205078125
2016-02-04,93.83235974552,49.515384772761,708.01,181.61956787109375
2016-02-05,91.32627808772,47.763301926956,683.57,178.1597137451172
2016-02-08,92.28791407269,47.049137723502,682.74,175.76148986816406
2016-02-09,92.268487083095,46.92534926157,678.11,175.77098083496094
2016-02-10,91.569115457662,47.334803404884,684.12,175.6193389892578
2016-02-11,91.015446254195,47.315759026125,683.11,173.3348388671875
2016-02-12,91.297137603327,48.087056365854,682.4,176.90843200683594
2016-02-16,93.871213724711,48.991664356895,691.0,179.8943634033203
2016-02-17,95.308810954766,50.267039451721,708.4,182.8328857421875
2016-02-18,93.502100922399,50.046485863894,697.35,182.08404541015625
2016-02-19,93.28840403685,49.691682266086,700.91,181.9987335205078
2016-02-22,94.104337599855,50.487593039549,706.46,184.63392639160156
2016-02-23,91.977082239165,49.077967934741,695.85,182.30209350585938
2016-02-24,93.346685005636,49.250575090431,699.56,183.13623046875
2016-02-25,93.987775662283,49.960182286049,705.75,185.3543243408203
2016-02-26,94.133478084248,49.193039371868,705.07,184.92779541015625
2016-02-29,93.919781198699,48.790289341923,697.77,183.4774627685547
2016-03-01,97.649763201006,50.420468034558,718.81,187.7904815673828
2016-03-02,97.863460086554,50.775271632366,718.85,188.6341094970703
2016-03-03,98.59197219638,50.199914446731,712.42,189.3734588623047
2016-03-04,100.05870991083,49.893057281058,710.89,189.98960876464844
2016-03-07,98.951371503894,48.934128638332,695.16,190.1413116455078
2016-03-08,98.135437940889,49.528664396822,693.97,188.06536865234375
2016-03-09,98.222859394068,50.669789481667,705.24,188.9943389892578
2016-03-10,98.271426868057,49.912235853913,712.82,189.14596557617188
2016-03-11,99.330197801003,50.890343069494,726.82,192.19825744628906
2016-03-14,99.582748665742,50.986235933766,730.49,191.95181274414062
2016-03-15,101.58372859406,51.388985963711,728.33,191.63897705078125
2016-03-16,102.93390437094,52.117771732184,736.09,192.74801635742188
2016-03-17,102.76877495938,52.415039611429,737.78,193.97085571289062
2016-03-18,102.88533689695,51.293093099439,737.6,194.7327117919922
2016-03-21,102.87562340215,51.647896697248,742.09,195.00901794433594
2016-03-22,103.66241648077,51.84927171222,740.75,194.90420532226562
2016-03-23,103.0893202877,51.753378847947,738.06,193.61795043945312
2016-03-24,102.64249952701,51.983521722202,735.3,193.5321807861328
2016-03-28,102.17625177672,51.341039531575,733.53,193.64651489257812
2016-03-29,104.59491198134,52.462986043565,744.77,195.43775939941406
2016-03-30,106.4210490033,52.789021782092,750.53,196.29527282714844
2016-03-31,105.86737979984,52.961628937783,744.95,195.81887817382812
2016-04-01,106.8387292796,53.28766467631,749.91,197.15283203125
2016-04-04,107.93635419174,53.153414666328,745.29,196.51443481445312
2016-04-05,106.66388637325,52.319146747156,737.8,194.5516815185547
2016-04-06,107.78093827498,52.856146787083,745.69,196.67642211914062
2016-04-07,105.43027253394,52.223253882883,740.28,194.32298278808594
2016-04-08,105.54683447151,52.184896737174,739.15,194.8470458984375
2016-04-11,105.89652028423,52.079414586474,736.1,194.38970947265625
2016-04-12,107.2758365455,52.405450325001,743.09,196.20001220703125
2016-04-13,108.82999571313,53.07670037491,751.72,198.18182373046875
2016-04-14,108.88827668191,53.086289661337,753.2,198.19134521484375
2016-04-15,106.70274035244,53.364378967728,759.0,197.97218322753906
2016-04-18,104.40064208539,54.141111168336,766.61,199.36329650878906
2016-04-19,103.84697288192,54.073986163345,753.93,199.99215698242188
2016-04-20,104.06066976747,53.306843249164,752.67,200.1827392578125
2016-04-21,102.93390437094,53.489039691282,759.14,199.10604858398438
2016-04-22,102.65221302181,49.653325120376,718.77,199.10604858398438
2016-04-25,102.06940333395,49.969771572476,723.15,198.76303100585938
2016-04-26,101.36031821372,49.327289381849,708.14,199.05838012695312
2016-04-27,95.017406110836,48.847825060486,705.84,199.4680938720703
2016-04-28,92.113071166332,47.850539272051,691.02,197.6577911376953
2016-04-29,91.054300233386,47.821771412769,693.01,196.5906524658203
2016-05-02,90.957165285409,48.531378608387,698.21,198.15325927734375
2016-05-03,92.453043484251,47.735467834924,692.36,196.4286651611328
2016-05-04,91.491407499281,47.821771412769,695.7,195.33294677734375
2016-05-05,91.122294696969,47.88889641776,701.43,195.2948455810547
2016-05-06,90.614105151255,48.320414306987,711.12,196.0094451904297
2016-05-09,90.682515282409,48.013557141314,712.9,196.17141723632812
2016-05-10,91.298206462794,48.924539351904,723.18,198.61056518554688
2016-05-11,90.408874757793,48.953307211186,715.29,196.7526397705078
2016-05-12,88.288160692023,49.39441438684,713.31,196.80979919433594
2016-05-13,88.464072457847,48.982075070468,710.83,195.0947723388672
2016-05-16,91.747758753233,49.701271552513,716.49,197.01939392089844
2016-05-17,91.366616593947,48.780700055495,706.23,195.18052673339844
2016-05-18,92.412314313014,49.070429020386,706.63,195.23768615722656
2016-05-19,92.060490781365,48.597205044398,700.32,194.5612030029297
2016-05-20,93.057324121036,48.886934009289,709.74,195.79029846191406
2016-05-23,94.23984210241,48.31713371167,704.24,195.52352905273438
2016-05-24,95.676454856642,49.823724329103,720.09,198.0579376220703
2016-05-25,97.357389507852,50.335578833744,725.27,199.40139770507812
2016-05-26,98.129446702303,50.113453293994,724.12,199.45855712890625
2016-05-27,98.070809447028,50.528731477005,732.66,200.3161163330078
2016-05-31,97.591938528951,51.185450464091,735.72,199.93499755859375
2016-06-01,96.223735905873,51.040585981646,734.15,200.3446807861328
2016-06-02,95.500543090818,50.683253591614,730.4,200.95443725585938
2016-06-03,95.6960006084,50.016876972364,722.34,200.35418701171875
2016-06-06,96.389874795818,50.345236465907,716.55,201.3737030029297
2016-06-07,96.780789830983,50.316263569418,716.65,201.68809509277344
2016-06-08,96.692833948071,50.25831777644,728.28,202.34552001953125
2016-06-09,97.386708135489,49.852697225592,728.58,202.0692596435547
2016-06-10,96.585332313401,49.71749037531,719.41,200.1540985107422
2016-06-13,95.129173807411,48.423367665463,718.36,198.61056518554688
2016-06-14,95.24644831796,48.123981068409,718.27,198.2199249267578
2016-06-15,94.933716289828,47.988774218126,718.92,197.94363403320312
2016-06-16,95.334404200873,48.664808469539,710.36,198.53433227539062
2016-06-17,93.164825755707,48.4137100333,691.72,197.79539489746094
2016-06-20,92.940049610487,48.355764240322,693.71,199.06924438476562
2016-06-21,93.731652556696,49.437419042582,695.94,199.63429260253906
2016-06-22,93.379829025047,49.244266399321,697.46,199.30865478515625
2016-06-23,93.917337198399,50.13276855832,701.87,201.9041748046875
2016-06-24,91.278660711035,48.123981068409,675.22,194.6539764404297
2016-06-27,89.949549591474,46.771912565584,668.26,191.1677703857422
2016-06-28,91.464345352739,47.747333414051,680.04,194.6156463623047
2016-06-29,92.255948298948,48.809672951985,684.11,197.9294891357422
2016-06-30,93.428693404443,49.418103778256,692.1,200.63034057617188
2016-07-01,93.712106804938,49.408446146093,699.21,201.05177307128906
2016-07-05,92.832547975816,49.418103778256,694.49,199.60557556152344
2016-07-06,93.360283273289,49.62091405368,697.77,200.802734375
2016-07-07,93.760971184333,49.62091405368,695.36,200.67825317382812
2016-07-08,94.484163999389,50.509416212679,705.63,203.6664276123047
2016-07-11,94.777350275762,50.789487545407,715.09,204.38473510742188
2016-07-12,95.207356814444,51.388260739515,720.64,205.86924743652344
2016-07-13,94.669848641092,51.677989704406,716.98,205.84054565429688
2016-07-14,96.546240809884,51.900115244156,720.95,206.98985290527344
2016-07-15,96.536467934005,51.861484715504,719.85,206.71209716796875
2016-07-18,97.562619901313,52.112583151743,733.78,207.26759338378906
2016-07-19,97.60171140483,51.272369153559,736.96,207.05686950683594
2016-07-20,97.689667287742,53.995821423535,741.19,207.9188690185547
2016-07-21,97.171704866148,53.889587469741,738.63,207.13348388671875
2016-07-22,96.419193423456,54.633225146295,742.74,208.0625457763672
2016-07-25,95.129173807411,54.787747260904,739.77,207.49742126464844
2016-07-26,94.47439112351,54.816720157393,738.42,207.5932159423828
2016-07-27,100.6117571756,54.2662351241,741.77,207.37290954589844
2016-07-28,101.9701869228,54.285550388426,745.91,207.6123809814453
2016-07-29,101.84313953637,54.739459100089,768.79,207.9475860595703
2016-08-01,103.64134869813,54.642882778458,772.88,207.77520751953125
2016-08-02,102.10700718511,54.642882778458,771.07,206.4439239501953
2016-08-03,103.38725392527,55.019530432817,773.18,207.0472869873047
2016-08-04,104.02249085742,55.425150983664,771.61,207.26759338378906
2016-08-05,105.60439517668,55.975636016957,782.22,208.9628143310547
2016-08-08,106.47886402397,56.072212338588,781.76,208.8383331298828
2016-08-09,106.91118570129,56.20741918887,784.26,208.9628143310547
2016-08-10,106.11532079532,56.033581809936,784.68,208.4456024169922
2016-08-11,106.04654234666,56.303995510501,784.85,209.4129638671875
2016-08-12,106.29217966332,55.956320752631,783.22,209.23098754882812
2016-08-15,107.56949370993,56.130158131566,782.44,209.83436584472656
2016-08-16,107.47123878326,55.821113902349,777.14,208.7521209716797
2016-08-17,107.3140309006,55.937731828329,779.91,209.144775390625
2016-08-18,107.17647400328,55.976604470322,777.5,209.61407470703125
2016-08-19,107.45158779793,55.996040791318,775.42,209.3075714111328
2016-08-22,106.6164209213,56.04463159381,772.15,209.2980194091797
2016-08-23,106.95048767195,56.258431124773,772.08,209.71945190429688
2016-08-24,106.14479727332,56.316740087763,769.64,208.6467742919922
2016-08-25,105.69282461068,56.530539618726,769.41,208.5030975341797
2016-08-26,105.0738185727,56.39448537175,769.54,208.11038208007812
2016-08-29,104.95591266071,56.462512495238,772.15,209.1351776123047
2016-08-30,104.15022226208,56.258431124773,769.09,208.79039001464844
2016-08-31,104.24847718874,55.840550223345,767.05,208.1966094970703
2016-09-01,104.86748322671,55.966886309824,768.78,208.20616149902344
2016-09-02,105.85003249333,56.04463159381,771.46,209.144775390625
2016-09-06,105.82055601534,55.98632263082,780.08,209.7769012451172
2016-09-07,106.46903853131,56.034913433312,780.35,209.75775146484375
2016-09-08,103.6785986141,55.81139574185,775.32,209.2788848876953
2016-09-09,101.33030586687,54.625780161055,759.66,204.26980590820312
2016-09-12,103.59999467277,55.442105642914,769.02,207.20053100585938
2016-09-13,106.06619333199,54.936761297002,759.69,204.22195434570312
2016-09-14,109.81953153049,54.674370963547,762.49,204.14529418945312
2016-09-15,113.55321874366,55.578159889891,771.76,206.18533325195312
2016-09-16,112.91456172036,55.636468852881,768.88,205.3883819580078
2016-09-19,111.59794570308,55.325487716934,765.7,205.42684936523438
2016-09-20,111.58812021042,55.208869790955,771.41,205.4364776611328
2016-09-21,111.56846922508,56.132095038295,776.22,207.74671936035156
2016-09-22,112.61979694037,56.190404001285,787.21,209.0558319091797
2016-09-23,110.74312784112,55.81139574185,786.9,207.91036987304688
2016-09-26,110.91016121645,55.296333235439,774.21,206.22581481933594
2016-09-27,111.11649656244,56.316740087763,783.01,207.50607299804688
2016-09-28,111.96148893173,56.39448537175,781.56,208.53604125976562
2016-09-29,110.22237672981,55.782241260355,775.01,206.64935302734375
2016-09-30,111.07719459177,55.976604470322,777.29,208.20875549316406
2016-10-03,110.55644348046,55.801677581352,772.56,207.7082061767578
2016-10-04,111.02806712844,55.626750692382,776.43,206.64935302734375
2016-10-05,111.07719459177,56.015477112315,776.47,207.56382751464844
2016-10-06,111.90253597573,56.112658717298,776.86,207.7082061767578
2016-10-07,112.06956935106,56.170967680288,775.08,206.9958953857422
2016-10-10,114.02484239164,56.404203532248,785.94,208.07398986816406
2016-10-11,114.2704797083,55.578159889891,783.07,205.4461212158203
2016-10-12,115.29233094559,55.500414605904,786.14,205.7156524658203
2016-10-13,114.9386132096,55.315769556436,778.19,205.0418243408203
2016-10-14,115.57727023291,55.801677581352,778.53,205.14773559570312
2016-10-17,115.49866629158,55.607314371386,779.96,204.4354248046875
2016-10-18,115.42006235025,56.034913433312,795.26,205.7156524658203
2016-10-19,115.07617010693,55.908577346834,801.56,206.2643280029297
2016-10-20,115.01721715093,55.636468852881,796.97,205.87928771972656
2016-10-21,114.56524448828,57.978545532976,799.37,205.97552490234375
2016-10-24,115.59692121824,59.280779039751,813.11,206.8514862060547
2016-10-25,116.18645077821,59.271060879252,807.67,206.15843200683594
2016-10-26,113.57286972899,58.921207101313,799.07,205.7445526123047
2016-10-27,112.48224004304,58.406144594902,795.35,205.1958465576172
2016-10-28,111.73550260041,58.18262690344,795.37,204.58941650390625
2016-10-31,111.55864373242,58.231217705932,784.54,204.59902954101562
2016-11-01,109.54441773584,58.114599779952,783.61,203.11663818359375
2016-11-02,109.6426726625,57.755027841514,768.7,201.89414978027344
2016-11-03,108.47343903522,57.541228310551,762.13,200.97006225585938
2016-11-04,107.49566698164,57.055320285635,762.02,200.74867248535156
2016-11-07,109.04627518782,58.717125730848,782.52,205.1765899658203
2016-11-08,109.68824673815,58.76571653334,790.51,206.10069274902344
2016-11-09,109.51047000114,58.47417171839,785.31,208.2857666015625
2016-11-10,106.45863601572,57.045602125137,762.56,208.80555725097656
2016-11-11,107.09073108066,57.356583261083,754.02,208.32427978515625
2016-11-14,104.40432705466,56.481948816234,736.08,208.48793029785156
2016-11-15,105.78703500922,57.589819113043,758.49,210.11471557617188
2016-11-16,108.63146280145,58.352857314303,764.48,209.7200164794922
2016-11-17,108.5919568599,59.321328877441,771.23,210.79815673828125
2016-11-18,108.70059819918,59.037635187228,760.54,210.3264617919922
2016-11-21,110.34997125926,59.53654478036,769.2,211.91473388671875
2016-11-22,110.41910665699,59.790890847447,768.27,212.32867431640625
2016-11-23,109.85614698978,59.086547892437,760.99,212.44418334960938
2016-11-25,110.4092301716,59.213720925981,761.68,213.23350524902344
2016-11-28,110.19194749303,59.291981254315,768.24,212.23239135742188
2016-11-29,110.08330615374,59.761543224321,770.84,212.6463165283203
2016-11-30,109.15491652711,58.949592317852,758.04,212.13613891601562
2016-12-01,108.13763853197,57.912642967422,747.92,211.3564453125
2016-12-02,108.54257443295,57.961555672631,750.5,211.46231079101562
2016-12-05,107.76233208716,58.910462153685,762.52,212.7329559326172
2016-12-06,108.5919568599,58.646333545557,759.11,213.40675354003906
2016-12-07,109.65861728198,60.035454373491,771.19,216.1982879638672
2016-12-08,110.73515418946,59.683282895987,776.42,216.72772216796875
2016-12-09,112.54255101578,60.622406835999,789.29,218.0368194580078
2016-12-12,111.90057946545,60.818057656835,789.27,217.78656005859375
2016-12-13,113.76723520411,61.61044348122,796.1,219.2400665283203
2016-12-14,113.76723520411,61.316967249967,797.07,217.43040466308594
2016-12-15,114.38945378366,61.219141839549,797.85,218.32559204101562
2016-12-16,114.5376010645,60.945230690378,790.8,217.89852905273438
2016-12-19,115.19932558561,62.236526107895,794.2,218.37298583984375
2016-12-20,115.50549663269,62.158265779561,796.42,219.21536254882812
2016-12-21,115.61413797198,62.158265779561,794.56,218.6053924560547
2016-12-22,114.85364859697,62.168048320603,791.26,218.2277374267578
2016-12-23,115.08080776094,61.864789548307,789.91,218.54727172851562
2016-12-27,115.81166767978,61.903919712474,791.55,219.08949279785156
2016-12-28,115.31784341029,61.620226022262,785.05,217.27882385253906
2016-12-29,115.28821395412,61.532183152886,782.79,217.23043823242188
2016-12-30,114.38945378366,60.78871003371,771.82,216.4364471435547
2017-01-03,114.71537780152,61.219141839549,786.14,218.09217834472656
2017-01-04,114.58698349145,60.945230690378,786.9,219.38967895507812
2017-01-05,115.16969612944,60.945230690378,794.02,219.21536254882812
2017-01-06,116.45363923011,61.473487906635,806.15,219.99966430664062
2017-01-09,117.5202996522,61.277837085799,806.65,219.27349853515625
2017-01-10,117.63881747687,61.258272003716,804.79,219.27349853515625
2017-01-11,118.27091254181,61.815876843098,807.91,219.8931427001953
2017-01-12,117.77708827233,61.248489462674,806.36,219.34124755859375
2017-01-13,117.56968207915,61.33653233205,807.88,219.84474182128906
2017-01-17,118.51782467656,61.17022913434,804.61,219.07012939453125
2017-01-18,118.50794819117,61.140881511214,806.07,219.55426025390625
2017-01-19,118.30054199798,60.945230690378,802.175,218.7409210205078
2017-01-20,118.51782467656,61.375662496217,805.02,219.54458618164062
2017-01-23,118.59683655968,61.590878399137,819.31,218.97329711914062
2017-01-24,118.48819522039,62.138700697477,823.87,220.37730407714844
2017-01-25,120.37460392982,62.295221354146,835.67,222.28477478027344
2017-01-26,120.43386284216,62.872391275612,832.15,222.05239868164062
2017-01-27,120.44373932755,64.349554972923,823.31,221.70382690429688
2017-01-30,120.12769179508,63.713689805206,802.32,220.32887268066406
2017-01-31,119.85115020417,63.2441278352,796.79,220.3095245361328
2017-02-01,127.15974939256,62.197395943728,795.695,220.3966522216797
2017-02-02,126.94246671398,61.796311761014,798.53,220.54190063476562
2017-02-03,127.48567341042,62.295221354146,801.49,222.06207275390625
2017-02-06,128.68072814257,62.256091189979,801.34,221.66506958007812
2017-02-07,129.9054123309,62.050657828101,806.97,221.6747589111328
2017-02-08,130.40911308577,61.962614958725,808.38,221.9652557373047
2017-02-09,131.34737919779,62.666957913734,809.56,223.2821044921875
2017-02-10,131.04980924039,62.608262667483,813.67,224.1632080078125
2017-02-13,132.21033207426,63.312605622493,819.24,225.38323974609375
2017-02-14,133.92631882862,63.547386607496,820.45,226.28369140625
2017-02-15,134.41234975905,63.508020098834,818.98,227.4650115966797
2017-02-16,134.24868628248,63.498178471668,824.16,227.27134704589844
2017-02-17,134.62064872923,63.596594743323,828.07,227.6295928955078
2017-02-21,135.59271059008,63.468653590172,831.66,228.98516845703125
2017-02-22,135.99938953187,63.340712437021,830.76,228.78184509277344
2017-02-23,135.42408761422,63.596594743323,831.33,228.936767578125
2017-02-24,135.55303459576,63.596594743323,828.64,229.22723388671875
2017-02-27,135.82084755742,63.212771283869,829.28,229.5854949951172
2017-02-28,135.8803615489,62.966730604732,823.21,228.9658203125
2017-03-01,138.65768115133,63.911526812618,835.24,232.17074584960938
2017-03-02,137.83440426919,62.996255486229,830.63,230.7086944580078
2017-03-03,138.64776215275,63.2324545382,829.08,230.85391235351562
2017-03-06,138.21132621523,63.252137792531,827.78,230.16647338867188
2017-03-07,138.38986818967,63.380078945682,831.91,229.47900390625
2017-03-08,137.87408026351,63.960734948446,835.37,229.05296325683594
2017-03-09,137.55667230894,63.704852642143,838.68,229.3434295654297
2017-03-10,138.01294624363,63.901685185453,843.25,230.1470947265625
2017-03-13,138.07246023511,63.685169387812,845.54,230.26329040527344
2017-03-14,137.86416126493,63.389920572848,845.62,229.3821563720703
2017-03-15,139.3222540562,63.724535896474,847.2,231.3671112060547
2017-03-16,139.55039102354,63.616277997654,848.78,230.91201782226562
2017-03-17,138.85606112294,63.84263542246,852.12,230.5065155029297
2017-03-20,140.31415391421,63.901685185453,848.4,230.25367736816406
2017-03-21,138.70727614424,63.193088029538,830.46,227.29730224609375
2017-03-22,140.27447791989,64.000101457108,829.59,227.83218383789062
2017-03-23,139.77852799089,63.84263542246,817.58,227.58905029296875
2017-03-24,139.50079603064,63.95089332128,814.43,227.4237518310547
2017-03-27,139.73885199657,64.068992847266,819.51,227.1903533935547
2017-03-28,142.63519958196,64.25598376341,820.92,228.84356689453125
2017-03-29,142.95260753652,64.433133052389,831.41,229.05747985839844
2017-03-30,142.7641465635,64.66933210436,831.5,229.78684997558594
2017-03-31,142.49633360184,64.816956511842,829.56,229.2519989013672
2017-04-03,142.53600959616,64.511866069713,838.55,228.85330200195312
2017-04-04,143.59734244423,64.689015358691,834.57,228.99916076660156
2017-04-05,142.85341755072,64.521707696878,831.41,228.3184356689453
2017-04-06,142.49633360184,64.689015358691,827.88,228.9602813720703
2017-04-07,142.17892564727,64.639807222864,824.67,228.72686767578125
2017-04-10,142.01030267141,64.492182815382,824.73,228.86300659179688
2017-04-11,140.48277689007,64.442974679554,823.35,228.59071350097656
2017-04-12,140.65139986594,64.196934000417,824.32,227.58905029296875
2017-04-13,139.90747497243,63.921368439784,823.56,226.11090087890625
2017-04-17,140.68115686168,64.442974679554,837.17,228.11419677734375
2017-04-18,140.05625995113,64.354400035065,836.82,227.43344116210938
2017-04-19,139.54047202496,64.009943084273,838.21,227.01528930664062
2017-04-20,141.28621577506,64.462657933885,841.65,228.86300659179688
2017-04-21,141.1175927992,65.348404378778,843.19,228.13363647460938
2017-04-24,142.47649560468,66.460508248477,862.76,230.64263916015625
2017-04-25,143.36920547689,66.844331707931,872.3,231.98468017578125
2017-04-26,142.48720812314,66.755757063442,871.624,231.8387908935547
2017-04-27,142.62528058338,67.188788658723,874.25,232.03329467773438
2017-04-28,142.48641460326,67.375779574867,905.96,231.52760314941406
2017-05-01,145.41251918439,68.310734155587,912.57,232.111083984375
2017-05-02,146.31514805518,68.202476256767,916.44,232.1986083984375
2017-05-03,145.86879311907,67.985960459127,927.04,231.9165802001953
2017-05-04,145.34308619433,67.720236525659,931.66,232.1888885498047
2017-05-05,147.75340284929,67.907227441803,927.13,233.10299682617188
2017-05-08,151.76067827566,67.84817767881,934.3,233.06411743164062
2017-05-09,152.71290213935,67.946593950465,932.17,232.85015869140625
2017-05-10,152.01857223874,68.212317883933,928.78,233.26834106445312
2017-05-11,153.32788005131,67.375779574867,930.6,232.7918243408203
2017-05-12,155.46919178961,67.297046557543,932.22,232.40283203125
2017-05-15,155.07080821039,67.34625469337,937.08,233.6865234375
2017-05-16,154.84173765234,68.694557615041,943.0,233.47254943847656
2017-05-17,149.64283194355,66.784451056951,919.62,229.32981872558594
2017-05-18,151.92357793457,67.012080335894,930.24,230.25367736816406
2017-05-19,152.34188069275,66.992286485551,934.01,231.75128173828125
2017-05-22,153.36771840924,67.744452798582,941.86,232.927978515625
2017-05-23,153.17848620911,67.972082077525,948.82,233.44338989257812
2017-05-24,152.72034509301,68.061154404068,954.96,233.9879913330078
2017-05-25,153.24820333547,68.902393043641,969.54,235.10630798339844
2017-05-26,152.98925400898,69.248785424642,971.47,235.05767822265625
2017-05-30,153.04901154586,69.684250132186,975.88,234.85348510742188
2017-05-31,152.14268890314,69.120125397413,964.86,234.7951202392578
2017-06-01,152.56099166132,69.377445451871,966.95,236.6623077392578
2017-06-02,154.82181847338,71.020335030332,975.6,237.45001220703125
2017-06-05,153.30796087235,71.534975139247,983.68,237.2749481201172
2017-06-06,153.82585952534,71.772501343362,976.57,236.51641845703125
2017-06-07,154.74214175754,71.643841316133,981.08,236.9540252685547
2017-06-08,154.36367735728,71.203428146004,983.41,237.07070922851562
2017-06-09,148.37796407954,69.595177805643,949.83,236.71090698242188
2017-06-12,144.7327543297,69.060743846385,942.9,236.6623077392578
2017-06-13,145.99762219371,69.921776336301,953.4,237.81951904296875
2017-06-14,144.57340089801,69.545693179786,950.76,237.51806640625
2017-06-15,143.70691661321,69.179506948442,942.31,237.06100463867188
2017-06-16,141.69507953817,69.278476200157,939.78,237.11279296875
2017-06-19,145.7486324567,70.139508690073,957.37,239.0867919921875
2017-06-20,144.4240070558,69.189403873614,950.63,237.47438049316406
2017-06-21,145.28053175112,69.545693179786,959.45,237.4157257080078
2017-06-22,145.04150160359,69.535796254614,957.09,237.3082275390625
2017-06-23,145.75859204618,70.476004145902,965.59,237.5916290283203
2017-06-26,145.23073380372,69.803013234243,952.27,237.74798583984375
2017-06-27,143.15913919179,68.496619111612,927.33,235.83265686035156
2017-06-28,145.2406933932,69.080537696728,940.49,237.94345092773438
2017-06-29,143.09938165491,67.784040499267,917.79,235.85218811035156
2017-06-30,143.43800769724,68.219505206811,908.73,236.29193115234375
2017-07-03,142.92010904426,67.467338893781,898.7,236.69259643554688
2017-07-05,143.5077248236,68.367959084383,911.94,237.23983764648438
2017-07-06,142.15322065427,67.863215900639,906.69,235.07040405273438
2017-07-07,143.59736112893,68.744042240898,918.59,236.59486389160156
2017-07-10,144.47380500321,69.258682349814,928.8,236.84893798828125
2017-07-11,144.94190570879,69.268579274985,930.09,236.6730499267578
2017-07-12,145.15105708788,70.416622594873,943.83,238.45156860351562
2017-07-13,147.17285375241,71.030231955503,947.16,238.8522491455078
2017-07-14,148.43772161642,72.02982139782,955.99,239.96627807617188
2017-07-17,148.9556202694,72.593946132593,953.42,239.9369659423828
2017-07-18,149.47351892239,72.544461506735,965.4,240.0640106201172
2017-07-19,150.40972033355,73.098689316337,970.89,241.3637237548828
2017-07-20,149.73246824888,73.474772472852,968.15,241.47119140625
2017-07-21,149.66275112251,73.029410840136,972.92,241.2562255859375
2017-07-24,151.47539640795,72.841369261879,980.34,241.19757080078125
2017-07-25,152.12276972418,73.425287846995,950.7,241.78392028808594
2017-07-26,152.83986016677,73.286730894594,947.8,241.79367065429688
2017-07-27,149.95157921745,72.405904554335,934.09,241.5689239501953
2017-07-28,148.89586273252,72.287141452278,941.53,241.2855224609375
2017-07-31,148.24848941629,71.970439846791,930.5,241.1487274169922
2017-08-01,149.44364015394,71.831882894391,930.83,241.6862030029297
2017-08-02,156.50498909557,71.515181288904,930.39,241.803466796875
2017-08-03,154.94133354715,71.406315112019,923.65,241.3343963623047
2017-08-04,155.75801988454,71.930852146105,927.96,241.77415466308594
2017-08-07,,71.653738241305,929.36,242.22366333007812
2017-08-08,159.43310840282,72.039718322991,926.79,241.62754821777344
2017-08-09,160.40914817191,71.723016717505,922.9,241.61778259277344
2017-08-10,155.27,70.673942649331,907.24,238.20729064941406
2017-08-11,157.48,71.752707493019,914.39,238.55906677246094
2017-08-14,159.85,72.831472336707,922.67,240.92393493652344
2017-08-15,161.6,72.85126618705,922.22,240.89463806152344
2017-08-16,160.95,73.279100719424,926.96,241.31483459472656
2017-08-17,157.87,72.035395683453,910.98,237.55255126953125
2017-08-18,157.5,72.124942446043,910.67,237.18121337890625
2017-08-21,157.21,71.786654676259,906.66,237.3668670654297
2017-08-22,159.78,72.791568345324,924.69,239.84901428222656
2017-08-23,159.98,72.353784172662,927.0,238.9890594482422
2017-08-24,159.27,72.323935251799,921.28,238.4320526123047
2017-08-25,159.86,72.45328057554,915.89,238.9890594482422
2017-08-28,161.47,72.463230215827,913.81,238.9988555908203
2017-08-29,162.91,72.682122302158,921.29,239.27247619628906
2017-08-30,163.35,73.637287769784,929.57,240.40602111816406
2017-08-31,164.0,74.393460431655,939.33,241.85231018066406
2017-09-01,164.05,73.56764028777,937.34,242.19435119628906
2017-09-05,162.08,73.239302158273,928.45,240.45489501953125
2017-09-06,161.91,73.03035971223,927.81,241.27574157714844
2017-09-07,161.26,73.965625899281,935.95,241.24644470214844
2017-09-08,158.63,73.607438848921,926.5,240.9630584716797
2017-09-11,161.5,74.383510791367,929.08,243.5331268310547
2017-09-12,160.82,74.303913669065,932.07,244.35398864746094
2017-09-13,159.65,74.831244604317,935.09,244.4712677001953
2017-09-14,158.28,74.393460431655,925.11,244.39308166503906
2017-09-15,159.88,74.930741007194,920.29,244.7220916748047
2017-09-18,158.67,74.781496402878,915.0,245.24258422851562
2017-09-19,158.73,75.060086330935,921.81,245.4881134033203
2017-09-20,156.07,74.562604316547,931.58,245.57647705078125
2017-09-21,153.39,73.83628057554,932.45,244.91848754882812
2017-09-22,151.89,74.035273381295,928.53,244.96762084960938
2017-09-25,150.55,72.891064748201,920.97,244.46673583984375
2017-09-26,153.14,72.891064748201,924.86,244.6140594482422
2017-09-27,154.23,73.47809352518,944.49,245.56666564941406
2017-09-28,153.28,73.497992805755,949.5,245.8612823486328
2017-09-29,154.12,74.114870503597,959.11,246.72549438476562
2017-10-02,153.81,74.23426618705,953.27,247.7959747314453
2017-10-03,154.48,73.886028776978,957.79,248.32627868652344
2017-10-04,153.4508,74.313863309353,951.68,248.62091064453125
2017-10-05,155.39,75.587417266187,969.96,250.09402465820312
2017-10-06,155.3,75.61726618705,978.89,249.80921936035156
2017-10-09,155.84,75.905805755396,977.0,249.39675903320312
2017-10-10,155.9,75.905805755396,972.6,250.05471801757812
2017-10-11,156.55,76.035151079137,989.25,250.4475555419922
2017-10-12,156.0,76.731625899281,987.83,250.07437133789062
2017-10-13,156.99,77.099762589928,989.68,250.37881469726562
2017-10-16,159.88,77.258956834532,992.0,250.71270751953125
2017-10-17,160.47,77.199258992806,992.18,250.88949584960938
2017-10-18,159.76,77.219158273381,992.81,251.135009765625
2017-10-19,155.98,77.517647482014,984.45,251.20376586914062
2017-10-20,156.16,78.413115107914,988.2,252.5000762939453
2017-10-23,156.17,78.433014388489,968.45,251.51800537109375
2017-10-24,157.1,78.462863309353,970.54,251.95993041992188
2017-10-25,156.405,78.234021582734,973.33,250.71270751953125
2017-10-26,157.41,78.363366906475,972.56,251.0367889404297
2017-10-27,163.05,83.387935251799,1019.27,253.0893096923828
2017-10-30,166.72,83.467532374101,1017.11,252.1465301513672
2017-10-31,169.04,82.761107913669,1016.64,252.5393524169922
2017-11-01,166.89,82.761107913669,1025.5,252.8732452392578
2017-11-02,168.11,83.626726618705,1025.58,252.97146606445312
2017-11-03,172.5,83.716273381295,1032.48,253.81607055664062
2017-11-06,174.25,84.044611510791,1025.9,254.2089080810547
2017-11-07,174.81,83.845618705036,1033.33,254.03211975097656
2017-11-09,175.88,83.666525179856,1031.26,253.54110717773438
2017-11-10,174.67,83.447633093525,1028.07,253.46249389648438
2017-11-13,173.97,83.507330935252,1025.75,253.6981964111328
2017-11-14,171.34,83.626726618705,1026.0,253.1089630126953
2017-11-15,169.08,82.98,1020.91,251.84210205078125
2017-11-16,171.1,83.2,1032.5,253.98301696777344
2017-11-17,170.15,82.4,1019.09,253.23663330078125
2017-11-20,169.98,82.53,1018.38,253.66876220703125
2017-11-21,173.14,83.72,1034.49,255.3284454345703
2017-11-22,174.96,83.11,1035.96,255.1026153564453
2017-11-24,174.97,83.26,1040.61,255.6918182373047
2017-11-27,174.09,83.87,1054.21,255.56417846679688
2017-11-28,173.07,84.88,1047.41,258.1568298339844
2017-11-29,169.48,83.34,1021.66,257.9996643066406
2017-11-30,171.85,84.17,1021.41,260.25848388671875
2017-12-01,171.05,84.26,1010.17,259.7182922363281
2017-12-04,169.8,81.08,998.68,259.404052734375
2017-12-05,169.64,81.59,1005.15,258.4710693359375
2017-12-06,169.01,82.78,1018.38,258.5201721191406
2017-12-07,169.452,82.49,1030.93,259.33526611328125
2017-12-08,169.37,84.16,1037.05,260.74945068359375
2017-12-11,172.67,85.23,1041.1,261.5351257324219
2017-12-12,171.7,85.58,1040.48,261.9967041015625
2017-12-13,172.27,85.35,1040.61,261.96722412109375
2017-12-14,172.22,84.69,1049.15,260.8967590332031
2017-12-15,173.87,86.85,1064.19,263.0693664550781
2017-12-18,176.42,86.38,1077.14,264.737548828125
2017-12-19,174.54,85.83,1070.68,263.7208557128906
2017-12-20,174.35,85.52,1064.95,263.5826721191406
2017-12-21,175.01,85.5,1063.63,264.12554931640625
2017-12-22,175.01,85.51,1060.12,264.05645751953125
2017-12-26,170.57,85.4,1056.74,263.7405700683594
2017-12-27,170.6,85.71,1049.37,263.868896484375
2017-12-28,171.08,85.72,1048.14,264.4118347167969
2017-12-29,169.23,85.54,1046.4,263.41485595703125
2018-01-02,172.26,85.95,1065.0,265.3001708984375
2018-01-03,172.23,86.35,1082.48,266.9782409667969
2018-01-04,173.03,87.11,1086.4,268.1035461425781
2018-01-05,175.0,88.19,1102.23,269.89019775390625
2018-01-08,174.35,88.28,1106.94,270.38372802734375
2018-01-09,174.33,88.22,1106.26,270.9957275390625
2018-01-10,174.29,87.82,1102.61,270.58111572265625
2018-01-11,175.28,88.08,1105.52,272.5552978515625
2018-01-12,177.09,89.58,1122.26,274.33209228515625
2018-01-16,176.19,88.35,1121.76,273.39434814453125
2018-01-17,179.1,90.14,1131.98,276.000244140625
2018-01-18,179.26,90.1,1129.79,275.5363464355469
2018-01-19,178.46,90.0,1137.51,276.7899475097656
2018-01-22,177.0,91.61,1155.81,279.0404968261719
2018-01-23,177.04,91.9,1169.97,279.63275146484375
2018-01-24,174.22,91.82,1164.24,279.524169921875
2018-01-25,171.11,92.33,1170.37,279.6426086425781
2018-01-26,171.51,94.06,1175.84,282.8802490234375
2018-01-29,167.96,93.92,1175.58,281.0047607421875
2018-01-30,166.97,92.74,1163.69,278.1225280761719
2018-01-31,167.43,95.01,1169.94,278.2607116699219
2018-02-01,167.78,94.26,1167.7,277.9447937011719
2018-02-02,160.37,91.78,1111.9,271.8939514160156
2018-02-05,157.49,89.05,1064.35,260.5226745605469
2018-02-06,163.03,91.33,1080.6,265.6555480957031
2018-02-07,159.54,89.61,1048.58,264.21441650390625
2018-02-08,155.32,84.89,1001.0,254.3040313720703
2018-02-09,155.97,88.1,1035.88,258.1240539550781
2018-02-12,162.71,89.13,1051.94,261.9144592285156
2018-02-13,164.34,89.83,1052.1,262.5659484863281
2018-02-14,167.37,90.81,1069.7,266.109619140625
2018-02-15,172.99,92.66,1089.52,269.5052185058594
2018-02-16,172.43,92.0,1094.8,269.5841369628906
2018-02-20,171.85,92.72,1102.46,267.8962707519531
2018-02-21,171.07,91.49,1111.34,266.56365966796875
2018-02-22,172.6,91.74,1106.63,266.9091491699219
2018-02-23,175.555,94.06,1126.79,271.16351318359375
2018-02-26,178.97,95.42,1143.75,274.3123474121094
2018-02-27,178.39,94.2,1118.29,270.8871154785156
2018-02-28,178.12,93.77,1104.73,268.14300537109375
2018-03-01,175.0,92.85,1069.52,264.2440490722656
2018-03-02,176.21,93.05,1078.92,265.606201171875
2018-03-05,176.82,93.64,1090.93,268.676025390625
2018-03-06,176.67,93.32,1095.06,269.3571472167969
2018-03-07,175.03,93.86,1109.64,269.2584533691406
2018-03-08,176.94,94.43,1126.0,270.5614013671875
2018-03-09,179.98,96.54,1160.04,275.269775390625
2018-03-12,181.72,96.77,1164.5,274.92431640625
2018-03-13,179.97,94.41,1138.17,273.1475830078125
2018-03-14,178.44,93.85,1149.49,271.7458801269531
2018-03-15,178.65,94.18,1149.58,271.4497375488281
2018-03-16,178.02,94.6,1135.73,271.744140625
2018-03-19,175.3,92.89,1099.82,268.06732177734375
2018-03-20,175.24,93.13,1097.71,268.52325439453125
2018-03-21,171.27,92.48,1090.88,268.00787353515625
2018-03-22,168.845,89.79,1049.08,261.3084411621094
2018-03-23,164.94,87.18,1021.57,255.73873901367188
2018-03-26,172.77,93.78,1053.21,262.7355041503906
2018-03-27,168.34,89.47,1005.1,258.26593017578125
